{
  "name": "Analysis Dutch",
  "consonantsPercentage": 0.41344453426301486,
  "mostFrequentSkipGrams": {
    "e_e": 0.030894023416922038,
    "n_e": 0.02612227326539745,
    "v_n": 0.01596247854581707,
    "r_e": 0.014093203201558862,
    "t_e": 0.013094557010065764,
    "e_t": 0.012751856530285093,
    "e_d": 0.01271900259999207,
    "e_i": 0.012508284288457508,
    "s_e": 0.012050028605577238,
    "o_r": 0.011831380035006429,
    "e_r": 0.011818918199378041,
    "i_g": 0.011439965106860241,
    "e_n": 0.011372557905052141,
    "o_e": 0.010983408765202023,
    "v_r": 0.010896742362877325,
    "o_d": 0.010730773370190157,
    "h_t": 0.010493998493250783,
    "e_s": 0.010303672276380856,
    "g_n": 0.009950775749267867,
    "a_e": 0.009735525861141164,
    "d_n": 0.009592781198488718,
    "d_t": 0.00932145305003427,
    "t_n": 0.009301060955369636,
    "m_n": 0.009199666929120477,
    "l_n": 0.008626422490214627
  },
  "mostFrequentSkipGramsMatchingBiGramFrequency": [{
    "e_e": 0.030894023416922038,
    "n_e": 0.02612227326539745,
    "v_n": 0.01596247854581707,
    "r_e": 0.014093203201558862,
    "t_e": 0.013094557010065764,
    "e_t": 0.012751856530285093,
    "e_d": 0.01271900259999207,
    "e_i": 0.012508284288457508,
    "s_e": 0.012050028605577238,
    "o_r": 0.011831380035006429,
    "e_r": 0.011818918199378041,
    "i_g": 0.011439965106860241,
    "e_n": 0.011372557905052141,
    "o_e": 0.010983408765202023,
    "v_r": 0.010896742362877325,
    "o_d": 0.010730773370190157,
    "h_t": 0.010493998493250783,
    "e_s": 0.010303672276380856,
    "g_n": 0.009950775749267867,
    "a_e": 0.009735525861141164,
    "d_n": 0.009592781198488718,
    "d_t": 0.00932145305003427,
    "t_n": 0.009301060955369636,
    "m_n": 0.009199666929120477,
    "l_n": 0.008626422490214627
  }, {
    "ee": 0.016196457059429986,
    "ne": 0.004894725323229436,
    "vn": 0.00003028232764652632,
    "re": 0.011933990031608327,
    "te": 0.021934040502154403,
    "et": 0.018210690671070145,
    "ed": 0.005209019178348686,
    "ei": 0.005495783644698367,
    "se": 0.00453087856832496,
    "or": 0.013598600405874956,
    "er": 0.03205292616755579,
    "ig": 0.004171161221735921,
    "en": 0.05856005696748183,
    "oe": 0.0078399110984272,
    "vr": 0.001674245660335978,
    "od": 0.0011938578263069922,
    "ht": 0.0038807261702169635,
    "es": 0.007211782211334858,
    "gn": 0.00007845875799327274,
    "ae": 0.000018352925846379587,
    "dn": 0.000008258816630870813,
    "dt": 0.0011589872671988709,
    "tn": 0.0001431528216017608,
    "mn": 0.0000133058712386252,
    "ln": 0.00008304698945486763
  }],
  "language": "Dutch",
  "numberOfWordsStartingWithLetter": {
    "e": 0.07825703199478821,
    "n": 0.02907366615147422,
    "t": 0.038694837313179055,
    "a": 0.04145930011520187,
    "m": 0.053189639855644226,
    "i": 0.059509503676716424,
    "v": 0.10299009034654175,
    "p": 0.020885354078585633,
    "r": 0.017509538065334552,
    "w": 0.050780526107647835,
    "k": 0.018168653246190027,
    "s": 0.030093861822711388,
    "x": 0.00006113532112282659,
    "j": 0.0038878243276547534,
    "y": 0.00003820957570176662,
    "u": 0.015600969759031311,
    "f": 0.0057390782704053464,
    "q": 0.00019486883607900977,
    "b": 0.044535170959194084,
    "g": 0.039118963603468664,
    "l": 0.014110796306662413,
    "c": 0.018002441591887342,
    "h": 0.06790796841596472,
    "o": 0.06172948002498906,
    "z": 0.0366735507585556,
    "d": 0.15133475600320195
  },
  "frequencyOfLetters": {
    "e": 0.19165316420536085,
    "n": 0.10013211639062294,
    "t": 0.06756026252345868,
    "a": 0.07015059844095536,
    "m": 0.02644108356806843,
    "i": 0.07257926093165203,
    "v": 0.0277579741678626,
    "p": 0.015004291111878723,
    "r": 0.06302058665375178,
    "w": 0.014713706274282173,
    "k": 0.021494731369274215,
    "s": 0.03881123737148921,
    "x": 0.0002531934062881704,
    "j": 0.013379010231007824,
    "y": 0.00044656052248293347,
    "u": 0.01913835897910709,
    "f": 0.006645703724542667,
    "q": 0.0001217892334044364,
    "b": 0.01483157831012097,
    "g": 0.03210606346572274,
    "l": 0.036116561555198656,
    "c": 0.014716911254108607,
    "h": 0.02315989644354072,
    "o": 0.05992315170593954,
    "z": 0.012403271928293918,
    "d": 0.05743893623158472
  },
  "mostFrequentTriGrams": {
    "ing": 0.011300985768792411,
    "oor": 0.010569642150598618,
    "ver": 0.010564188884182922,
    "gen": 0.008759763619078435,
    "aar": 0.007779387501234559,
    "den": 0.0077284903480214035,
    "nde": 0.00769758850499913,
    "voo": 0.007692135238583435,
    "ten": 0.007458856619689806,
    "men": 0.006853544047547636,
    "ste": 0.00669661115847374,
    "ijk": 0.005936789371220204,
    "der": 0.005796822199884027,
    "lij": 0.0056586727840197484,
    "ter": 0.0055005280579645864,
    "tie": 0.0052181700413297,
    "and": 0.005135765126603639,
    "cht": 0.005115769816412757,
    "eli": 0.005046695108480617,
    "ijn": 0.005022458368855304,
    "sch": 0.004974590808095313,
    "ere": 0.004874008338650268,
    "ord": 0.004797662608830535,
    "nie": 0.004764337091845731,
    "eer": 0.004740100352220418
  },
  "vowelsPercentage": 0.5865554657369851,
  "numberOfWordsEndingWithLetter": {
    "e": 0.21219687865976092,
    "n": 0.2796406007309492,
    "t": 0.1501846477745788,
    "a": 0.009416749931700384,
    "m": 0.011780012188854648,
    "i": 0.002913480147259705,
    "v": 0.00006304579990791492,
    "p": 0.016796929478496606,
    "r": 0.0719906615796985,
    "w": 0.0037197021945669802,
    "k": 0.035320931778713066,
    "s": 0.056691547468711134,
    "x": 0.00010316585439476988,
    "j": 0.016032737964461273,
    "y": 0.000282750860193073,
    "u": 0.008954414065709007,
    "f": 0.006740169153791632,
    "q": 0.000005731436355264993,
    "b": 0.0015035468038645165,
    "g": 0.041184191170149154,
    "l": 0.02627099377374964,
    "c": 0.0004814406538422594,
    "h": 0.00421260572111977,
    "o": 0.004608074829633054,
    "z": 0.0002464517632763947,
    "d": 0.03820575474419644
  },
  "mostFrequentBiGrams": {
    "en": 0.052391179767367485,
    "er": 0.030772809589770814,
    "an": 0.024127673963942924,
    "ge": 0.019756007027335307,
    "de": 0.019221019238913343,
    "te": 0.018880572464463,
    "et": 0.018209314201631667,
    "he": 0.016864962383384363,
    "ie": 0.016598386135465697,
    "ee": 0.0161996688214531,
    "el": 0.015909233769934146,
    "aa": 0.01572570451147035,
    "ij": 0.015672481026515847,
    "in": 0.014772728836897089,
    "or": 0.013598600405874956,
    "at": 0.012176248652780537,
    "st": 0.012026213483986385,
    "va": 0.011965190005547173,
    "re": 0.011933990031608327,
    "oo": 0.011463696306794849,
    "me": 0.011360919922055124,
    "ve": 0.011304943498223667,
    "ng": 0.01122143768562264,
    "le": 0.011057178999297541,
    "nd": 0.010318473733980763
  },
  "mostFrequentBiGramsEndOfWord": {
    "le": 5285,
    "st": 3289,
    "in": 11773,
    "ng": 13200,
    "re": 3047,
    "el": 6186,
    "va": 5,
    "at": 15000,
    "aa": 7,
    "oo": 1,
    "ee": 1164,
    "er": 20832,
    "ij": 8391,
    "nd": 4004,
    "or": 8728,
    "ge": 2634,
    "et": 30389,
    "de": 48814,
    "me": 1262,
    "ve": 663,
    "en": 95658,
    "he": 1862,
    "te": 11439,
    "ie": 15440,
    "an": 30357
  },
  "mostFrequentBiGramsStartOfWord": {
    "le": 1648,
    "st": 6410,
    "in": 16445,
    "ng": 42,
    "re": 5138,
    "el": 695,
    "va": 22879,
    "at": 36,
    "aa": 6995,
    "oo": 4104,
    "ee": 12442,
    "er": 4249,
    "ij": 34,
    "nd": 0,
    "or": 627,
    "ge": 15053,
    "et": 96,
    "de": 47709,
    "me": 9947,
    "ve": 11892,
    "en": 14634,
    "he": 27009,
    "te": 10847,
    "ie": 700,
    "an": 1730
  }
}