{
  "name": "Analysis Dutch",
  "consonantsPercentage": 0.44905990156386033,
  "mostFrequentSkipGrams": {
    "e_t": 0.02893031400063191,
    "c_n": 0.01901212444255783,
    "i_a": 0.017994317647370948,
    "n_e": 0.01650077059068972,
    "a_i": 0.01616853626358784,
    "l_s": 0.015703649392089566,
    "p_r": 0.014742521411326598,
    "e_e": 0.014324062930367061,
    "q_e": 0.014063581570461415,
    "a_e": 0.01338464172959623,
    "e_a": 0.013321330287952496,
    "a_o": 0.013302638338514822,
    "a_a": 0.012810617992026376,
    "e_i": 0.01265746459985963,
    "i_i": 0.012269757390555622,
    "o_e": 0.011269436612584626,
    "r_s": 0.01077982813053975,
    "e_o": 0.010595320500606584,
    "m_n": 0.010399356514566456,
    "i_n": 0.010144904815769734,
    "r_a": 0.009913365829186936,
    "d_s": 0.009686047605380388,
    "n_o": 0.009312208616626912,
    "u_a": 0.009298340396076379,
    "n_i": 0.00905775691783019
  },
  "mostFrequentSkipGramsMatchingBiGramFrequency": [{
    "e_t": 0.02893031400063191,
    "c_n": 0.01901212444255783,
    "i_a": 0.017994317647370948,
    "n_e": 0.01650077059068972,
    "a_i": 0.01616853626358784,
    "l_s": 0.015703649392089566,
    "p_r": 0.014742521411326598,
    "e_e": 0.014324062930367061,
    "q_e": 0.014063581570461415,
    "a_e": 0.01338464172959623,
    "e_a": 0.013321330287952496,
    "a_o": 0.013302638338514822,
    "a_a": 0.012810617992026376,
    "e_i": 0.01265746459985963,
    "i_i": 0.012269757390555622,
    "o_e": 0.011269436612584626,
    "r_s": 0.01077982813053975,
    "e_o": 0.010595320500606584,
    "m_n": 0.010399356514566456,
    "i_n": 0.010144904815769734,
    "r_a": 0.009913365829186936,
    "d_s": 0.009686047605380388,
    "n_o": 0.009312208616626912,
    "u_a": 0.009298340396076379,
    "n_i": 0.00905775691783019
  }, {
    "et": 0.0020636063917239345,
    "cn": 0.00015267294566631196,
    "ia": 0.0070202046367644705,
    "ne": 0.006326986937522838,
    "ai": 0.00011278541932105928,
    "ls": 0.00019301894932587788,
    "pr": 0.008703274857608408,
    "ee": 0.0001911850400686249,
    "qe": 0.0,
    "ae": 0.00014442035400867348,
    "ea": 0.0029360887208620475,
    "ao": 0.0004827766119718513,
    "aa": 0.0002567472960154195,
    "ei": 0.00016963660629590218,
    "ii": 0.00005089098188877065,
    "oe": 0.000060060528175035634,
    "rs": 0.0013832260572830726,
    "eo": 0.0026146961235284597,
    "mn": 0.000259498159901299,
    "in": 0.018881012758048224,
    "ra": 0.01566983764859823,
    "ds": 0.000033927321259180434,
    "no": 0.006769417545835123,
    "ua": 0.002241495589677475,
    "ni": 0.004802091390116971
  }],
  "language": "Dutch",
  "numberOfWordsStartingWithLetter": {
    "e": 0.1297229082323631,
    "n": 0.027846781143854516,
    "t": 0.031071431157977072,
    "a": 0.07408004229524107,
    "m": 0.03836989505855429,
    "i": 0.02381461068823917,
    "v": 0.011542472678288201,
    "p": 0.0931110901888077,
    "r": 0.026713355591445352,
    "w": 0.00026977700848077523,
    "k": 0.0007423394193095157,
    "s": 0.06820288679504914,
    "x": 0.0003874649652005765,
    "j": 0.0029041766550547883,
    "y": 0.02819260267821578,
    "u": 0.027481043186048364,
    "f": 0.01575026977700848,
    "q": 0.04259398741282038,
    "b": 0.006863923752688717,
    "g": 0.008967822302048857,
    "l": 0.10038239533014187,
    "c": 0.07885636275411546,
    "h": 0.023068650101030583,
    "o": 0.014473808092586022,
    "z": 0.0005974927033466833,
    "d": 0.1223483998059054
  },
  "frequencyOfLetters": {
    "e": 0.13984570360174972,
    "n": 0.07391530129736767,
    "t": 0.048042969654895296,
    "a": 0.11336404720455343,
    "m": 0.030537234134043394,
    "i": 0.06735764947760924,
    "v": 0.007854250982513295,
    "p": 0.03110044782624766,
    "r": 0.06748610172319969,
    "w": 0.00009734557643036699,
    "k": 0.00036083736225692425,
    "s": 0.07920343505458123,
    "x": 0.0016607301723346067,
    "j": 0.003064189892674672,
    "y": 0.008199717990597002,
    "u": 0.04032851570319553,
    "f": 0.007331292979810308,
    "q": 0.009918269971487993,
    "b": 0.0123277559685464,
    "g": 0.009938397816238632,
    "l": 0.05237557972767392,
    "c": 0.04748597729652304,
    "h": 0.007200279008524325,
    "o": 0.08816398557675241,
    "z": 0.002773251045824515,
    "d": 0.05006673295436871
  },
  "mostFrequentTriGrams": {
    "que": 0.014063581570461415,
    "ent": 0.01369697817503865,
    "est": 0.010863640419953836,
    "nte": 0.010814800164971527,
    "con": 0.009931454812513717,
    "aci": 0.007629330201125376,
    "cin": 0.007604005624467882,
    "los": 0.007110176379646759,
    "res": 0.00690757976638681,
    "men": 0.006689306034243651,
    "com": 0.006481885692096561,
    "ado": 0.006363704334361592,
    "par": 0.0061659314499887844,
    "sta": 0.005879522547314751,
    "cia": 0.005370016183610416,
    "por": 0.005291027623083472,
    "las": 0.0052120390625565284,
    "pre": 0.004870157277680366,
    "nto": 0.004836391175470374,
    "nci": 0.004826140751585198,
    "pro": 0.0047990072765950265,
    "ion": 0.004669972528863988,
    "ien": 0.004641030155541138,
    "tra": 0.004635000494432211,
    "ida": 0.004491494560039748
  },
  "vowelsPercentage": 0.5509400984361397,
  "numberOfWordsEndingWithLetter": {
    "e": 0.19074139791565575,
    "n": 0.1174598231421598,
    "t": 0.002786488698334987,
    "a": 0.19050421141826662,
    "m": 0.0008618379599788523,
    "i": 0.00611434199758106,
    "v": 0.00018467956285261124,
    "p": 0.0003512532862098684,
    "r": 0.057815566676564525,
    "w": 0.00003259051109163727,
    "k": 0.00035849562200801,
    "s": 0.1811036595522788,
    "x": 0.00010501386907305344,
    "j": 0.00004164343083931429,
    "y": 0.03072560962361581,
    "u": 0.006394982509759048,
    "f": 0.00012493029251794288,
    "q": 0.000007242335798141617,
    "b": 0.00035668503805847464,
    "g": 0.0007206124119150908,
    "l": 0.05927851850778913,
    "c": 0.0005848186156999356,
    "h": 0.00037298029360429325,
    "o": 0.13794839111510243,
    "z": 0.0024696365071662915,
    "d": 0.010910578879900346
  },
  "mostFrequentBiGrams": {
    "de": 0.032412053735375146,
    "es": 0.029306328408217196,
    "en": 0.028998690130313007,
    "la": 0.02175749942804955,
    "os": 0.0216277503480989,
    "in": 0.018881012758048224,
    "ci": 0.01754546834145373,
    "nt": 0.017397838646244865,
    "re": 0.01734786461898472,
    "ue": 0.016617051779969402,
    "er": 0.016188375491086513,
    "co": 0.01617507964897143,
    "ar": 0.016082467231480154,
    "ra": 0.01566983764859823,
    "as": 0.015250330906001605,
    "te": 0.015157260011196017,
    "ta": 0.014569950571560743,
    "on": 0.014421862399037564,
    "st": 0.01277317797676712,
    "el": 0.012639761078301965,
    "qu": 0.012423818263260425,
    "or": 0.012041448183123174,
    "se": 0.011303758184393158,
    "ro": 0.01100208011157504,
    "ad": 0.010747625202131185
  },
  "mostFrequentBiGramsEndOfWord": {
    "se": 9224,
    "st": 922,
    "co": 2838,
    "re": 5175,
    "el": 22004,
    "as": 26478,
    "de": 41128,
    "en": 22107,
    "qu": 893,
    "ro": 5641,
    "er": 6191,
    "nt": 71,
    "in": 23343,
    "ta": 7546,
    "ar": 11370,
    "os": 42596,
    "la": 27498,
    "ue": 22467,
    "or": 9794,
    "ra": 13456,
    "on": 5956,
    "es": 25373,
    "ci": 64,
    "te": 15938,
    "ad": 5014
  },
  "mostFrequentBiGramsStartOfWord": {
    "se": 15899,
    "st": 430,
    "co": 28542,
    "re": 12739,
    "el": 16415,
    "as": 2763,
    "de": 58508,
    "en": 21106,
    "qu": 23525,
    "ro": 200,
    "er": 340,
    "nt": 14,
    "in": 9452,
    "ta": 3856,
    "ar": 890,
    "os": 57,
    "la": 35369,
    "ue": 380,
    "or": 1349,
    "ra": 757,
    "on": 66,
    "es": 21060,
    "ci": 1864,
    "te": 3393,
    "ad": 1756
  }
}