{
  "name": "deens-analyse",
  "consonantsPercentage": 0.37878867711042713,
  "mostFrequentSkipGrams": {
    "n_e": 0.025873424703012845,
    "e_e": 0.02185670185621993,
    "f_r": 0.019516681347573367,
    "l_e": 0.01568536630424015,
    "e_s": 0.015473184810750173,
    "d_r": 0.014406253263043473,
    "i_e": 0.014097686485444483,
    "s_e": 0.013773724836078083,
    "e_t": 0.013740257723540232,
    "r_e": 0.013564220711591133,
    "d_t": 0.013187381024414928,
    "a_e": 0.012101038551436275,
    "d_n": 0.012059539331889338,
    "i_g": 0.01134602049258235,
    "t_l": 0.011270384818246805,
    "o_e": 0.011090331752793165,
    "m_n": 0.010975874227913714,
    "i_k": 0.010372796859981633,
    "l_g": 0.009926345578726696,
    "n_n": 0.009649907229164045,
    "s_a": 0.009339332424812784,
    "t_r": 0.009309881365779475,
    "e_n": 0.008981903662908533,
    "v_r": 0.008769722169418556,
    "r_n": 0.008550847253421008
  },
  "mostFrequentSkipGramsMatchingBiGramFrequency": [{
    "n_e": 0.025873424703012845,
    "e_e": 0.02185670185621993,
    "f_r": 0.019516681347573367,
    "l_e": 0.01568536630424015,
    "e_s": 0.015473184810750173,
    "d_r": 0.014406253263043473,
    "i_e": 0.014097686485444483,
    "s_e": 0.013773724836078083,
    "e_t": 0.013740257723540232,
    "r_e": 0.013564220711591133,
    "d_t": 0.013187381024414928,
    "a_e": 0.012101038551436275,
    "d_n": 0.012059539331889338,
    "i_g": 0.01134602049258235,
    "t_l": 0.011270384818246805,
    "o_e": 0.011090331752793165,
    "m_n": 0.010975874227913714,
    "i_k": 0.010372796859981633,
    "l_g": 0.009926345578726696,
    "n_n": 0.009649907229164045,
    "s_a": 0.009339332424812784,
    "t_r": 0.009309881365779475,
    "e_n": 0.008981903662908533,
    "v_r": 0.008769722169418556,
    "r_n": 0.008550847253421008
  }, {
    "ne": 0.013175437339337782,
    "ee": 0.00015492202930700904,
    "fr": 0.0032261124865137093,
    "le": 0.012889310985536237,
    "es": 0.009319544095250303,
    "dr": 0.002731068477555482,
    "ie": 0.0015835352702455842,
    "se": 0.009065209558537818,
    "et": 0.023061683190001018,
    "re": 0.021810700419147355,
    "dt": 0.002217857715974934,
    "ae": 0.00010092640345733487,
    "dn": 0.0010279354192129558,
    "ig": 0.012715212939572335,
    "tl": 0.0006777207992160037,
    "oe": 0.00011455146792407508,
    "mn": 0.00032044133097703823,
    "ik": 0.005770467117673122,
    "lg": 0.000985546329760875,
    "nn": 0.002553942639487859,
    "sa": 0.0031140841786760675,
    "tr": 0.00412738526938771,
    "en": 0.03406266116685052,
    "vr": 0.0001539127652724357,
    "rn": 0.0038836480050382463
  }],
  "language": "Danish",
  "numberOfWordsStartingWithLetter": {
    "e": 0.07030677051248203,
    "n": 0.028377922496993165,
    "t": 0.041191806741177506,
    "m": 0.05451171932294875,
    "i": 0.05686768459033706,
    "v": 0.04797551996245123,
    "p": 0.03130041949015812,
    "r": 0.057687230484907155,
    "w": 0.0004400246413799173,
    "k": 0.03512680043415765,
    "s": 0.08440772683270263,
    "x": 0.000014667488045997242,
    "j": 0.015285355979934877,
    "y": 0.0008763824107483353,
    "ø": 0.0,
    "u": 0.020409809616005165,
    "f": 0.07674946463668632,
    "å": 0.0,
    "a": 0.07542389040452932,
    "q": 0.00002750154008624483,
    "æ": 0.0,
    "b": 0.035024128017835665,
    "g": 0.02578911085687465,
    "l": 0.02638131068673179,
    "c": 0.0028106573968142215,
    "h": 0.0425467159494265,
    "o": 0.0635817272433923,
    "z": 0.00006233682419548829,
    "d": 0.10599826923641058
  },
  "frequencyOfLetters": {
    "e": 0.16126306607813629,
    "n": 0.07378615610105421,
    "t": 0.07169627586726761,
    "m": 0.03605754900969137,
    "i": 0.06714499822894765,
    "v": 0.023062139900444166,
    "p": 0.01514182456466918,
    "r": 0.08868837901212584,
    "w": 0.00015652949119454308,
    "k": 0.03156511415307354,
    "s": 0.05941390281864616,
    "x": 0.00008807187588095913,
    "j": 0.00589658515723522,
    "y": 0.0044501295887274155,
    "ø": 0.008004156684866906,
    "u": 0.016303681058277814,
    "f": 0.027548036670206208,
    "å": 0.010675157462130054,
    "a": 0.054241891522370446,
    "q": 0.00004961254143512545,
    "æ": 0.009617910358214087,
    "b": 0.012761191762472073,
    "g": 0.045468932741931326,
    "l": 0.049119108174185404,
    "c": 0.003127513077135195,
    "h": 0.013343081492637538,
    "o": 0.051537815717483886,
    "z": 0.00012153149684883443,
    "d": 0.059669657392710955
  },
  "mostFrequentTriGrams": {
    "for": 0.01844640308861288,
    "der": 0.012586981025485876,
    "det": 0.012011346689834832,
    "den": 0.01082794959049641,
    "ing": 0.010810546691976728,
    "nde": 0.009935716370237295,
    "til": 0.008139871111456195,
    "ere": 0.00793170567147076,
    "lig": 0.007289806452994771,
    "and": 0.0065769569559385385,
    "ter": 0.006523409575877976,
    "ger": 0.006355404670937963,
    "ion": 0.006214842798278987,
    "lle": 0.006174682263233566,
    "kke": 0.005694763869440778,
    "els": 0.005611765430346907,
    "nin": 0.005544831205271204,
    "med": 0.005539476467265148,
    "men": 0.005516049488488652,
    "ske": 0.005511364092733353,
    "end": 0.005495969220965942,
    "nge": 0.005380173011584975,
    "som": 0.005367455508820593,
    "lse": 0.005234925743170701,
    "tte": 0.005067590180481444
  },
  "vowelsPercentage": 0.6212113228895728,
  "numberOfWordsEndingWithLetter": {
    "e": 0.18041743670978908,
    "n": 0.09393609375458359,
    "t": 0.13946030977734752,
    "m": 0.04399696382997448,
    "i": 0.04205168822787409,
    "v": 0.0130265628208513,
    "p": 0.021511704655460706,
    "r": 0.1691381384024172,
    "w": 0.00006417026020123793,
    "k": 0.011101455014814163,
    "s": 0.05449338496289126,
    "x": 0.0000696705682184869,
    "j": 0.002453137375693039,
    "y": 0.000696705682184869,
    "ø": 0.0,
    "u": 0.005553477661415706,
    "f": 0.03268283023849335,
    "å": 0.0,
    "a": 0.008628149843057879,
    "q": 0.0000018334360057496552,
    "æ": 0.0,
    "b": 0.0039033852562410164,
    "g": 0.08227727419402153,
    "l": 0.044919182140866556,
    "c": 0.0002603479128164511,
    "h": 0.005194124204288774,
    "o": 0.003089339669688169,
    "z": 0.00020167796063246207,
    "d": 0.04004590923758397
  },
  "mostFrequentBiGrams": {
    "er": 0.045137315418223876,
    "de": 0.043403399806826864,
    "en": 0.03406266116685052,
    "et": 0.023061683190001018,
    "re": 0.021810700419147355,
    "or": 0.019357179551099543,
    "ge": 0.016895584570775144,
    "nd": 0.016405586881989783,
    "in": 0.01597362187519239,
    "te": 0.015725847554704634,
    "ti": 0.015500781674994777,
    "fo": 0.014459725823332367,
    "at": 0.013837009914000612,
    "an": 0.013657865547863843,
    "me": 0.013282923959019843,
    "ne": 0.013175437339337782,
    "le": 0.012889310985536237,
    "ig": 0.012715212939572335,
    "ed": 0.012541114893608431,
    "st": 0.012411929097183043,
    "om": 0.011830088381251507,
    "el": 0.011676680247996358,
    "ke": 0.010933357286533087,
    "og": 0.010838486467283193,
    "li": 0.010806190018176846
  },
  "mostFrequentBiGramsEndOfWord": {
    "le": 7607,
    "st": 5343,
    "in": 1195,
    "ed": 10710,
    "li": 40,
    "nd": 4476,
    "el": 2287,
    "ig": 6731,
    "at": 17750,
    "ne": 11624,
    "re": 12422,
    "om": 13554,
    "ke": 11891,
    "or": 13619,
    "ge": 9327,
    "et": 35462,
    "de": 21932,
    "me": 1770,
    "en": 36223,
    "fo": 0,
    "og": 16055,
    "te": 8750,
    "an": 5710,
    "ti": 400,
    "er": 56231
  },
  "mostFrequentBiGramsStartOfWord": {
    "le": 2047,
    "st": 8512,
    "in": 7056,
    "ed": 79,
    "li": 1916,
    "nd": 1833,
    "el": 1610,
    "ig": 308,
    "at": 16650,
    "ne": 1283,
    "re": 13847,
    "om": 7846,
    "ke": 364,
    "or": 1027,
    "ge": 3993,
    "et": 4694,
    "de": 49271,
    "me": 15087,
    "en": 11214,
    "fo": 24557,
    "og": 17689,
    "te": 607,
    "an": 4520,
    "ti": 12099,
    "er": 12341
  }
}