{
  "name": "english-analyse",
  "consonantsPercentage": 0.39329422825292043,
  "mostFrequentSkipGrams": {
    "t_e": 0.037658679233085336,
    "e_t": 0.019873675581176233,
    "a_e": 0.018779478334069215,
    "i_n": 0.01634762323301931,
    "o_e": 0.015487258207167095,
    "e_e": 0.014143410676779223,
    "i_e": 0.013429534660124866,
    "a_d": 0.013160627605681848,
    "t_o": 0.012073995518674253,
    "a_i": 0.011565066566531456,
    "m_n": 0.01097773504608558,
    "n_e": 0.01088970409220142,
    "t_a": 0.009585745587792308,
    "i_i": 0.00922124241936571,
    "i_g": 0.00906374954093233,
    "e_s": 0.008663483797490292,
    "h_s": 0.008554132846962314,
    "f_r": 0.008341620622351335,
    "a_t": 0.008290039985309835,
    "i_s": 0.008248775475676635,
    "t_i": 0.008233645155477795,
    "i_h": 0.008182752260263515,
    "r_s": 0.007823751026454677,
    "p_r": 0.007811371673564717,
    "e_i": 0.007642187184068598
  },
  "mostFrequentSkipGramsMatchingBiGramFrequency": [{
    "t_e": 0.037658679233085336,
    "e_t": 0.019873675581176233,
    "a_e": 0.018779478334069215,
    "i_n": 0.01634762323301931,
    "o_e": 0.015487258207167095,
    "e_e": 0.014143410676779223,
    "i_e": 0.013429534660124866,
    "a_d": 0.013160627605681848,
    "t_o": 0.012073995518674253,
    "a_i": 0.011565066566531456,
    "m_n": 0.01097773504608558,
    "n_e": 0.01088970409220142,
    "t_a": 0.009585745587792308,
    "i_i": 0.00922124241936571,
    "i_g": 0.00906374954093233,
    "e_s": 0.008663483797490292,
    "h_s": 0.008554132846962314,
    "f_r": 0.008341620622351335,
    "a_t": 0.008290039985309835,
    "i_s": 0.008248775475676635,
    "t_i": 0.008233645155477795,
    "i_h": 0.008182752260263515,
    "r_s": 0.007823751026454677,
    "p_r": 0.007811371673564717,
    "e_i": 0.007642187184068598
  }, {
    "te": 0.011066625051416193,
    "et": 0.003229660374082518,
    "ae": 0.00006304297050209076,
    "in": 0.023119200821832296,
    "oe": 0.0003364014245644351,
    "ee": 0.004018730996678359,
    "ie": 0.0035443584809331185,
    "ad": 0.0026431540501491327,
    "to": 0.011292442904772044,
    "ai": 0.002667441096162233,
    "mn": 0.000048057346366347866,
    "ne": 0.0055529488607825184,
    "ta": 0.006113101156063391,
    "ii": 0.00005787551390355872,
    "ig": 0.0018633848494306496,
    "es": 0.013643118911444263,
    "hs": 0.00009404771009328292,
    "fr": 0.0014789260784998667,
    "at": 0.016041335518822978,
    "is": 0.015127212446542661,
    "ti": 0.01532564277992629,
    "ih": 0.0000041339652788256235,
    "rs": 0.0033376602169918374,
    "pr": 0.006939894211828515,
    "ei": 0.0012680938492797599
  }],
  "language": "English",
  "numberOfWordsStartingWithLetter": {
    "e": 0.03300083994100319,
    "n": 0.0215892969814369,
    "t": 0.17962078070305876,
    "a": 0.11674577115827463,
    "m": 0.03849662616998959,
    "i": 0.091533475065005,
    "v": 0.007169639950648442,
    "p": 0.048995888709826504,
    "r": 0.03129081651106994,
    "w": 0.061337796943257764,
    "k": 0.0029176898005441533,
    "s": 0.055050295988779356,
    "x": 0.00016678254369501702,
    "j": 0.003629027396544587,
    "y": 0.006229227535597021,
    "u": 0.013137641815397847,
    "f": 0.03646107536561547,
    "q": 0.002783058108645766,
    "b": 0.03798221254124352,
    "g": 0.012215314254482029,
    "l": 0.016947517753298478,
    "c": 0.057905693513967536,
    "h": 0.026645018426456935,
    "o": 0.07057111969360239,
    "z": 0.00018687682606791063,
    "d": 0.02689217809964353
  },
  "frequencyOfLetters": {
    "e": 0.12540825810832976,
    "n": 0.07434336474976681,
    "t": 0.09873094161739479,
    "a": 0.07597865814680725,
    "m": 0.028576114932596562,
    "i": 0.08152295227598885,
    "v": 0.010934842725308118,
    "p": 0.024507202402705593,
    "r": 0.06207167583864283,
    "w": 0.016539566248498002,
    "k": 0.004876693204899632,
    "s": 0.06460929930267768,
    "x": 0.0018359025417754157,
    "j": 0.0013989199170760724,
    "y": 0.014632135036263802,
    "u": 0.029353064284131612,
    "f": 0.02137227343190861,
    "q": 0.0011181493313097023,
    "b": 0.013517274379457952,
    "g": 0.01616630169231079,
    "l": 0.038332790016899675,
    "c": 0.03453930397670632,
    "h": 0.04635222279454294,
    "o": 0.08103129543766296,
    "z": 0.0003568211836679491,
    "d": 0.03189397642267031
  },
  "mostFrequentTriGrams": {
    "the": 0.0326292232506255,
    "ion": 0.014884108624695159,
    "and": 0.010840186680641581,
    "ent": 0.010504568668958223,
    "tio": 0.009518346888724747,
    "ing": 0.00901354438754527,
    "men": 0.006682787335096704,
    "hat": 0.006578250577359264,
    "ati": 0.0065314841331083045,
    "tha": 0.006353358999858325,
    "for": 0.0063292880359056254,
    "thi": 0.0057426442572869685,
    "com": 0.0056085346009790695,
    "pro": 0.005007448243988793,
    "res": 0.004957930832428953,
    "con": 0.004912539871832433,
    "his": 0.004705529581839214,
    "ate": 0.004653261202970494,
    "ons": 0.004239928364811277,
    "her": 0.004209667724413597,
    "are": 0.003925630349771739,
    "ere": 0.0038479155232958788,
    "ter": 0.003843101330505339,
    "omm": 0.00367116587370034,
    "rop": 0.00365878652081038
  },
  "vowelsPercentage": 0.6067057717470795,
  "numberOfWordsEndingWithLetter": {
    "e": 0.21377503245226603,
    "n": 0.10127518315938383,
    "t": 0.10457466432501296,
    "a": 0.022776869069674913,
    "m": 0.012287653671024447,
    "i": 0.012138955981465034,
    "v": 0.00014266940484754467,
    "p": 0.004641779228138425,
    "r": 0.05360752651440559,
    "w": 0.007702138433530123,
    "k": 0.006761726018478702,
    "s": 0.1320475671852331,
    "x": 0.0006932527418648298,
    "j": 0.000010047141186446808,
    "y": 0.05766255269725552,
    "u": 0.004231855867731396,
    "f": 0.0414042688293473,
    "q": 0.000016075425898314894,
    "b": 0.0004420742122036596,
    "g": 0.026293368484931297,
    "l": 0.03854686187592182,
    "c": 0.0052747491228845745,
    "h": 0.023978507155573953,
    "o": 0.049773537437657486,
    "z": 0.00017482025664417446,
    "d": 0.07926792510459074
  },
  "mostFrequentBiGrams": {
    "th": 0.037374663340202605,
    "he": 0.027168419812441995,
    "in": 0.023119200821832296,
    "on": 0.021426858785813057,
    "re": 0.021134380742336145,
    "an": 0.018162576452520375,
    "er": 0.016737908668305095,
    "en": 0.016277488285375893,
    "at": 0.016041335518822978,
    "ti": 0.01532564277992629,
    "is": 0.015127212446542661,
    "es": 0.013643118911444263,
    "nt": 0.013185799002474179,
    "it": 0.012346087305212724,
    "or": 0.01213422158467291,
    "io": 0.012075312579449646,
    "nd": 0.011988499308594308,
    "co": 0.011459351752904627,
    "to": 0.011292442904772044,
    "al": 0.011215447801453915,
    "te": 0.011066625051416193,
    "ar": 0.010497688079917817,
    "ha": 0.010444463276952937,
    "st": 0.010139066591979695,
    "of": 0.010117363274265859
  },
  "mostFrequentBiGramsEndOfWord": {
    "st": 5821,
    "is": 15919,
    "co": 33,
    "nd": 16826,
    "re": 11839,
    "it": 5436,
    "or": 7795,
    "al": 9982,
    "ha": 3,
    "to": 17687,
    "on": 21037,
    "es": 12546,
    "nt": 11597,
    "in": 14042,
    "ar": 2037,
    "at": 11825,
    "th": 4338,
    "en": 5830,
    "he": 38737,
    "te": 4183,
    "an": 7852,
    "io": 68,
    "er": 10846,
    "of": 18675,
    "ti": 35
  },
  "mostFrequentBiGramsStartOfWord": {
    "st": 5127,
    "is": 9732,
    "co": 18607,
    "nd": 0,
    "re": 11692,
    "it": 6318,
    "or": 1944,
    "al": 4941,
    "ha": 7406,
    "to": 19052,
    "on": 6908,
    "es": 803,
    "nt": 0,
    "in": 19795,
    "ar": 5410,
    "at": 2275,
    "th": 62764,
    "en": 2724,
    "he": 1926,
    "te": 1327,
    "an": 17603,
    "io": 2,
    "er": 130,
    "of": 19220,
    "ti": 953
  }
}