{
  "name": "finnish-analyse",
  "consonantsPercentage": 0.4633404678533302,
  "mostFrequentSkipGrams": {
    "i_t": 0.023799742453541915,
    "s_a": 0.023229584890607793,
    "e_t": 0.02188819708807742,
    "i_e": 0.02130286422879144,
    "t_a": 0.015142777859676203,
    "a_t": 0.013754780218350835,
    "k_i": 0.013645301294669569,
    "t_i": 0.013367268186508728,
    "l_i": 0.013039915365204347,
    "a_a": 0.012989511702321387,
    "i_i": 0.012338599883800589,
    "a_s": 0.012276272773784026,
    "l_a": 0.011778197868521233,
    "u_t": 0.01174405345172955,
    "i_a": 0.01125085632029414,
    "s_i": 0.011161430466792115,
    "s_n": 0.010920793624641212,
    "a_n": 0.010502389025225678,
    "i_n": 0.010419466870160165,
    "o_i": 0.00996529192934382,
    "o_t": 0.009938193185858358,
    "t_n": 0.009711647690319895,
    "e_i": 0.009573444098544038,
    "a_i": 0.009403805964325046,
    "o_a": 0.009284571492989013
  },
  "mostFrequentSkipGramsMatchingBiGramFrequency": [{
    "i_t": 0.023799742453541915,
    "s_a": 0.023229584890607793,
    "e_t": 0.02188819708807742,
    "i_e": 0.02130286422879144,
    "t_a": 0.015142777859676203,
    "a_t": 0.013754780218350835,
    "k_i": 0.013645301294669569,
    "t_i": 0.013367268186508728,
    "l_i": 0.013039915365204347,
    "a_a": 0.012989511702321387,
    "i_i": 0.012338599883800589,
    "a_s": 0.012276272773784026,
    "l_a": 0.011778197868521233,
    "u_t": 0.01174405345172955,
    "i_a": 0.01125085632029414,
    "s_i": 0.011161430466792115,
    "s_n": 0.010920793624641212,
    "a_n": 0.010502389025225678,
    "i_n": 0.010419466870160165,
    "o_i": 0.00996529192934382,
    "o_t": 0.009938193185858358,
    "t_n": 0.009711647690319895,
    "e_i": 0.009573444098544038,
    "a_i": 0.009403805964325046,
    "o_a": 0.009284571492989013
  }, {
    "it": 0.01718775870015617,
    "sa": 0.011147207940109096,
    "et": 0.012396575872700506,
    "ie": 0.006222675669991453,
    "ta": 0.0273518501116466,
    "at": 0.00727425684534597,
    "ki": 0.006742201518751706,
    "ti": 0.011360209063287288,
    "li": 0.011626012985908813,
    "aa": 0.014107744559745472,
    "ii": 0.008540629069283538,
    "as": 0.007865379710300574,
    "la": 0.009645908006783816,
    "ut": 0.00656320897826583,
    "ia": 0.006031153651671567,
    "si": 0.020858448224170257,
    "sn": 0.00008860130754050825,
    "an": 0.018395510867084613,
    "in": 0.02013621332330975,
    "oi": 0.012294550124623556,
    "ot": 0.005343374814854591,
    "tn": 0.000029086287828954727,
    "ei": 0.008280642404227804,
    "ai": 0.012134351800888697,
    "oa": 0.001047553843193585
  }],
  "language": "Finnish",
  "numberOfWordsStartingWithLetter": {
    "e": 0.0726165837333216,
    "n": 0.06898366286494341,
    "ä": 0.0,
    "t": 0.10734290369457043,
    "a": 0.04172794927121406,
    "m": 0.0774868994671716,
    "i": 0.02485798582059976,
    "v": 0.06387995948742789,
    "p": 0.05309568893390286,
    "r": 0.025538332819586947,
    "k": 0.09935047778413844,
    "s": 0.09645514994055221,
    "x": 0.000046237174688449515,
    "j": 0.0748998194548417,
    "y": 0.02818486062794487,
    "u": 0.011755251221982474,
    "f": 0.0007970408208199392,
    "q": 0.000013210621339557004,
    "b": 0.0022149808445990574,
    "g": 0.0008146549826060153,
    "l": 0.03892729754722797,
    "c": 0.0010304284644854463,
    "h": 0.03651856092298208,
    "w": 0.0004909947597868686,
    "ö": 0.0,
    "o": 0.06733453696772204,
    "z": 0.00003302655334889251,
    "d": 0.004379320974063147
  },
  "frequencyOfLetters": {
    "e": 0.09031352610020806,
    "n": 0.08368985414977567,
    "ä": 0.048606306399787545,
    "t": 0.10519366088811584,
    "a": 0.11179517303116267,
    "m": 0.03641489490799283,
    "i": 0.1067575101521816,
    "v": 0.024434880943796748,
    "p": 0.015824916417075716,
    "r": 0.02111899992437526,
    "k": 0.045586944707763144,
    "s": 0.08275879049660832,
    "x": 0.000044319614771094465,
    "j": 0.01865961304755389,
    "y": 0.019227677951167522,
    "u": 0.04409801669723899,
    "f": 0.0005142482285344453,
    "q": 0.00003904347015548798,
    "b": 0.0007298666718255636,
    "g": 0.0015729945813994799,
    "l": 0.05147125292606187,
    "c": 0.0004498792642240462,
    "h": 0.017526648927095993,
    "w": 0.00012346178400519172,
    "ö": 0.005784061470602201,
    "o": 0.05598587400214915,
    "z": 0.00009848803282465437,
    "d": 0.011179095211547018
  },
  "mostFrequentTriGrams": {
    "ist": 0.011053577467719978,
    "sta": 0.009952826507340508,
    "ise": 0.008045616940833687,
    "ett": 0.007963778735507592,
    "sen": 0.007350263182996731,
    "tta": 0.007170869501122972,
    "lis": 0.0064023491358752675,
    "mis": 0.006353571397601436,
    "itt": 0.006050065470564261,
    "aan": 0.006013211179424032,
    "ssa": 0.005974188988804967,
    "ais": 0.005776368161361094,
    "ksi": 0.005496709128591125,
    "isi": 0.005372054908558,
    "est": 0.005283713004795394,
    "lla": 0.005060419358475186,
    "taa": 0.004921673791829621,
    "lli": 0.0049097503446960174,
    "een": 0.004623045638619828,
    "ste": 0.004589443196697855,
    "den": 0.0045726419757368695,
    "ell": 0.004508688941111179,
    "ten": 0.004483758097104554,
    "iss": 0.004364523625768521,
    "ast": 0.0041921756172009815
  },
  "vowelsPercentage": 0.5366595321466698,
  "numberOfWordsEndingWithLetter": {
    "e": 0.05475362191201726,
    "n": 0.2970143995772601,
    "ä": 0.0,
    "t": 0.16190937513761064,
    "a": 0.20782068783301774,
    "m": 0.021220661411775067,
    "i": 0.06701968382579594,
    "v": 0.024939451318860363,
    "p": 0.010429785547580254,
    "r": 0.004843894491170901,
    "k": 0.018750275221277906,
    "s": 0.04344973358580299,
    "x": 0.00005064071513496851,
    "j": 0.016264476639217932,
    "y": 0.020346558633141044,
    "u": 0.007160156766039896,
    "f": 0.00006164956625126602,
    "q": 0.0000022017702232595007,
    "b": 0.0002443964947818046,
    "g": 0.0002972389801400326,
    "l": 0.017039499757805276,
    "c": 0.00026641419701439956,
    "h": 0.0047646307631335596,
    "w": 0.00003522832357215201,
    "ö": 0.0,
    "o": 0.011486635254744814,
    "z": 0.00013650975384208903,
    "d": 0.00846800827865604
  },
  "mostFrequentBiGrams": {
    "en": 0.02975437748631826,
    "is": 0.02946530453343357,
    "ta": 0.0273518501116466,
    "st": 0.02352364715200494,
    "si": 0.020858448224170257,
    "in": 0.02013621332330975,
    "tt": 0.019620267325359216,
    "an": 0.018395510867084613,
    "se": 0.017819154886720097,
    "it": 0.01718775870015617,
    "te": 0.016933141811315014,
    "ll": 0.014382050628040077,
    "aa": 0.014111771891906405,
    "mi": 0.013152819356253329,
    "va": 0.013094199299244203,
    "on": 0.012577805819942453,
    "et": 0.012396575872700506,
    "oi": 0.012294550124623556,
    "ai": 0.012134351800888697,
    "al": 0.012056042564426127,
    "li": 0.011626012985908813,
    "ka": 0.01160095403024079,
    "ti": 0.011360209063287288,
    "el": 0.011164659712806469,
    "sa": 0.011147207940109096
  },
  "mostFrequentBiGramsEndOfWord": {
    "se": 3357,
    "st": 9561,
    "is": 3677,
    "tt": 15637,
    "oi": 1077,
    "va": 2492,
    "on": 18304,
    "ll": 4535,
    "en": 46411,
    "ai": 1073,
    "ti": 6596,
    "in": 25613,
    "ta": 23557,
    "ka": 5699,
    "si": 9671,
    "li": 1511,
    "el": 1228,
    "it": 7951,
    "al": 67,
    "et": 6794,
    "te": 1360,
    "an": 22521,
    "mi": 429,
    "aa": 8974,
    "sa": 13062
  },
  "mostFrequentBiGramsStartOfWord": {
    "se": 11728,
    "st": 2992,
    "is": 2976,
    "tt": 1385,
    "oi": 1641,
    "va": 12652,
    "on": 12867,
    "ll": 2938,
    "en": 3200,
    "ai": 3548,
    "ti": 3266,
    "in": 2706,
    "ta": 9150,
    "ka": 8910,
    "si": 10288,
    "li": 5181,
    "el": 1154,
    "it": 1579,
    "al": 3706,
    "et": 8991,
    "te": 4906,
    "an": 1591,
    "mi": 8628,
    "aa": 82,
    "sa": 5118
  }
}