{
  "name": "german-analysis",
  "consonantsPercentage": 0.37647677312290073,
  "mostFrequentSkipGrams": {
    "e_e": 0.023077532810182197,
    "e_t": 0.02030736416033831,
    "n_e": 0.019632064779328426,
    "d_r": 0.017734329399920323,
    "i_h": 0.01755469564689254,
    "e_n": 0.017371458924606325,
    "d_e": 0.015942109548795012,
    "i_e": 0.015757328696826608,
    "r_e": 0.014639893516817116,
    "s_h": 0.013390692603927648,
    "s_e": 0.011969063876527273,
    "u_g": 0.011936122443307278,
    "d_n": 0.011281411458059894,
    "r_n": 0.010888687808890275,
    "g_n": 0.01052015552474159,
    "c_e": 0.010495449449826595,
    "a_e": 0.010494934739932531,
    "t_n": 0.010123314196419472,
    "w_r": 0.009969415938094812,
    "h_n": 0.009531912528141763,
    "u_d": 0.009257057444712436,
    "h_e": 0.009117056353527461,
    "c_t": 0.008949775637957178,
    "i_s": 0.008872569153847817,
    "e_s": 0.008814406935818765
  },
  "mostFrequentSkipGramsMatchingBiGramFrequency": [{
    "e_e": 0.023077532810182197,
    "e_t": 0.02030736416033831,
    "n_e": 0.019632064779328426,
    "d_r": 0.017734329399920323,
    "i_h": 0.01755469564689254,
    "e_n": 0.017371458924606325,
    "d_e": 0.015942109548795012,
    "i_e": 0.015757328696826608,
    "r_e": 0.014639893516817116,
    "s_h": 0.013390692603927648,
    "s_e": 0.011969063876527273,
    "u_g": 0.011936122443307278,
    "d_n": 0.011281411458059894,
    "r_n": 0.010888687808890275,
    "g_n": 0.01052015552474159,
    "c_e": 0.010495449449826595,
    "a_e": 0.010494934739932531,
    "t_n": 0.010123314196419472,
    "w_r": 0.009969415938094812,
    "h_n": 0.009531912528141763,
    "u_d": 0.009257057444712436,
    "h_e": 0.009117056353527461,
    "c_t": 0.008949775637957178,
    "i_s": 0.008872569153847817,
    "e_s": 0.008814406935818765
  }, {
    "ee": 0.0004324432963875746,
    "et": 0.004329787023735783,
    "ne": 0.010971292354732001,
    "dr": 0.0007273284394480541,
    "ih": 0.0014138836538081369,
    "en": 0.05099742016684898,
    "de": 0.02679954070403416,
    "ie": 0.022579305982049897,
    "re": 0.012596043596873888,
    "sh": 0.0005045171791188371,
    "se": 0.009954432832083504,
    "ug": 0.0009122494299985503,
    "dn": 0.0006013021073579609,
    "rn": 0.0028055273666591986,
    "gn": 0.00036160496593170524,
    "ce": 0.00015938624352570608,
    "ae": 0.00013302779498398725,
    "tn": 0.0005798858679178144,
    "wr": 0.0005115186420127311,
    "hn": 0.0013187461286028705,
    "ud": 0.00013673445181016646,
    "he": 0.013111680746471262,
    "ct": 0.00002306364247400398,
    "is": 0.010079223611898204,
    "es": 0.013656147449161143
  }],
  "language": "Dutch",
  "numberOfWordsStartingWithLetter": {
    "e": 0.07833343272471535,
    "n": 0.030391142788401233,
    "t": 0.010281867104811297,
    "a": 0.07109911102977012,
    "m": 0.04195207416105105,
    "i": 0.06436654444953968,
    "v": 0.04414211185437586,
    "p": 0.02176054354062263,
    "r": 0.019035848757847636,
    "w": 0.06271733296592795,
    "k": 0.03024514027551291,
    "s": 0.067019266162581,
    "x": 0.000016450987367698076,
    "j": 0.007773091531237341,
    "y": 0.00003701472157732067,
    "u": 0.054802351668644216,
    "f": 0.032889636494870374,
    "q": 0.0005922355452371307,
    "b": 0.051010399080389804,
    "g": 0.03929318332774685,
    "l": 0.013654319515189403,
    "c": 0.0021756430793780706,
    "h": 0.03185733703754732,
    "o": 0.006693495485232155,
    "z": 0.036364907576296596,
    "d": 0.1810163831270448
  },
  "frequencyOfLetters": {
    "e": 0.16776842714997714,
    "n": 0.1064467400838125,
    "t": 0.06080180527664574,
    "a": 0.052299764869305494,
    "m": 0.027181410262569473,
    "i": 0.08849486157761303,
    "v": 0.009451553880342772,
    "p": 0.009405914092880056,
    "r": 0.07766176044670714,
    "w": 0.015854507220694796,
    "k": 0.01353717274899764,
    "s": 0.06147336214931142,
    "x": 0.00029683019665601053,
    "j": 0.0015246434262920865,
    "y": 0.0004941450672654973,
    "u": 0.04063416656257592,
    "f": 0.0172017388415867,
    "q": 0.00020623693432400268,
    "b": 0.018411707943793744,
    "g": 0.03279201571381314,
    "l": 0.03326968927883645,
    "c": 0.028739339849642637,
    "h": 0.043709190137413506,
    "o": 0.027279552963429148,
    "z": 0.012673105193876445,
    "d": 0.0523903581316375
  },
  "mostFrequentTriGrams": {
    "ich": 0.016835645924887357,
    "der": 0.01549482665085478,
    "die": 0.015028499486834235,
    "sch": 0.012395243668810948,
    "ein": 0.011835239304071047,
    "ung": 0.01090876149475871,
    "che": 0.010226770885126017,
    "den": 0.009576692288925192,
    "cht": 0.008853010177873445,
    "und": 0.008496830931182258,
    "gen": 0.00826006437991355,
    "ten": 0.007389689949054015,
    "hen": 0.006754023229886939,
    "eit": 0.006218210230167971,
    "ine": 0.006142033165846734,
    "nde": 0.005918649071823648,
    "ver": 0.005456954296849666,
    "ere": 0.00531026197704188,
    "ent": 0.0053030560385250065,
    "ion": 0.005122392865709101,
    "men": 0.0050966573710059795,
    "wir": 0.004997318361451935,
    "ber": 0.004941729692893195,
    "lic": 0.004890258703486953,
    "nen": 0.004580918057155445
  },
  "vowelsPercentage": 0.6235232268770993,
  "numberOfWordsEndingWithLetter": {
    "e": 0.15832430242672627,
    "n": 0.2644167199610112,
    "t": 0.10747635684659249,
    "a": 0.01848268430760879,
    "m": 0.035737713682903106,
    "i": 0.007668216486768265,
    "v": 0.000602517412341942,
    "p": 0.0008081547544381679,
    "r": 0.13296304902599873,
    "w": 0.00043800753866496124,
    "k": 0.005400036603446893,
    "s": 0.07202242269578217,
    "x": 0.00023031382314777306,
    "j": 0.000004112746841924519,
    "y": 0.0002796667852508673,
    "u": 0.021992913737191363,
    "f": 0.011297715574766653,
    "q": 0.0000020563734209622596,
    "b": 0.0031441949606512945,
    "g": 0.03993682820850804,
    "l": 0.013508317002301082,
    "c": 0.0003084560131443389,
    "h": 0.04687914487767663,
    "o": 0.006286333547881627,
    "z": 0.0056673651481719866,
    "d": 0.04564326445167831
  },
  "mostFrequentBiGrams": {
    "en": 0.05099742016684898,
    "er": 0.04312695217259512,
    "ch": 0.03245178051319899,
    "de": 0.02679954070403416,
    "ie": 0.022579305982049897,
    "ei": 0.021407178723460336,
    "in": 0.020218577434532203,
    "un": 0.020195101941299736,
    "ge": 0.018354952752480988,
    "te": 0.017833137841506648,
    "nd": 0.014993838712653373,
    "be": 0.014224913346600419,
    "ic": 0.014116184746365829,
    "es": 0.013656147449161143,
    "di": 0.013621140134691671,
    "he": 0.013111680746471262,
    "re": 0.012596043596873888,
    "st": 0.012100587134441267,
    "ng": 0.011902486919619912,
    "it": 0.011048308446564835,
    "ne": 0.010971292354732001,
    "is": 0.010079223611898204,
    "se": 0.009954432832083504,
    "sc": 0.00994001805553725,
    "an": 0.009887301158453814
  },
  "mostFrequentBiGramsEndOfWord": {
    "se": 3682,
    "st": 6608,
    "in": 14457,
    "nd": 19093,
    "re": 3957,
    "di": 127,
    "ge": 4983,
    "ch": 22558,
    "un": 714,
    "es": 14305,
    "be": 1167,
    "ne": 7007,
    "er": 41877,
    "is": 1107,
    "ei": 3043,
    "ng": 14497,
    "it": 8962,
    "sc": 0,
    "ic": 25,
    "de": 3726,
    "en": 89583,
    "he": 5486,
    "te": 9332,
    "ie": 28792,
    "an": 3436
  },
  "mostFrequentBiGramsStartOfWord": {
    "se": 4732,
    "st": 5578,
    "in": 13117,
    "nd": 642,
    "re": 5157,
    "di": 29854,
    "ge": 12843,
    "ch": 529,
    "un": 22704,
    "es": 4270,
    "be": 20038,
    "ne": 1470,
    "er": 6961,
    "is": 5036,
    "ei": 15494,
    "ng": 33,
    "it": 68,
    "sc": 3583,
    "ic": 5399,
    "de": 36790,
    "en": 4039,
    "he": 4552,
    "te": 1048,
    "ie": 0,
    "an": 7237
  }
}