{
  "name": "italian-analyse",
  "consonantsPercentage": 0.4635210829535824,
  "mostFrequentSkipGrams": {
    "e_t": 0.022121260665234267,
    "o_e": 0.021634068855341467,
    "a_i": 0.021128160071961256,
    "i_n": 0.018767619415667097,
    "a_e": 0.017657262488487684,
    "i_i": 0.014351514671079469,
    "p_r": 0.01342227198735173,
    "e_e": 0.012366964982194103,
    "n_e": 0.012261269131912274,
    "n_o": 0.01213960880424413,
    "o_i": 0.011840137228445615,
    "d_l": 0.011656270488892853,
    "m_n": 0.011485065231405099,
    "i_e": 0.011448181783650504,
    "c_e": 0.011163023187577654,
    "e_l": 0.011019342891100795,
    "o_t": 0.010952181986234216,
    "a_o": 0.010880617087605895,
    "n_i": 0.010877314092284589,
    "i_a": 0.010869607103201537,
    "c_n": 0.010816208678840407,
    "e_i": 0.010360945823720241,
    "a_t": 0.01030204240715693,
    "t_r": 0.009907884965480946,
    "o_o": 0.009830815074650447
  },
  "mostFrequentSkipGramsMatchingBiGramFrequency": [{
    "e_t": 0.022121260665234267,
    "o_e": 0.021634068855341467,
    "a_i": 0.021128160071961256,
    "i_n": 0.018767619415667097,
    "a_e": 0.017657262488487684,
    "i_i": 0.014351514671079469,
    "p_r": 0.01342227198735173,
    "e_e": 0.012366964982194103,
    "n_e": 0.012261269131912274,
    "n_o": 0.01213960880424413,
    "o_i": 0.011840137228445615,
    "d_l": 0.011656270488892853,
    "m_n": 0.011485065231405099,
    "i_e": 0.011448181783650504,
    "c_e": 0.011163023187577654,
    "e_l": 0.011019342891100795,
    "o_t": 0.010952181986234216,
    "a_o": 0.010880617087605895,
    "n_i": 0.010877314092284589,
    "i_a": 0.010869607103201537,
    "c_n": 0.010816208678840407,
    "e_i": 0.010360945823720241,
    "a_t": 0.01030204240715693,
    "t_r": 0.009907884965480946,
    "o_o": 0.009830815074650447
  }, {
    "et": 0.004491117843112202,
    "oe": 0.00019143613293778588,
    "ai": 0.0010675071832157172,
    "in": 0.014232556963151378,
    "ae": 0.0006789659657952907,
    "ii": 0.00005320092988248263,
    "pr": 0.009374701562406653,
    "ee": 0.0002777786256978806,
    "ne": 0.015365475125730804,
    "no": 0.0123766294420051,
    "oi": 0.0006623951843564846,
    "dl": 0.0000013082195872741632,
    "mn": 0.000005668951544854707,
    "ie": 0.0035814691567609006,
    "ce": 0.0038954418577067,
    "el": 0.012826220906831654,
    "ot": 0.0023691856725535096,
    "ao": 0.00003706622163943462,
    "ni": 0.008097007098835554,
    "ia": 0.009384731245909089,
    "cn": 0.00011250688450557803,
    "ei": 0.002623852418876213,
    "at": 0.012270227582240134,
    "tr": 0.007238378976387945,
    "oo": 0.00023765989168813965
  }],
  "language": "Italian",
  "numberOfWordsStartingWithLetter": {
    "e": 0.059776406172614746,
    "s": 0.08795760682957578,
    "n": 0.038759917547084494,
    "t": 0.02565984844480725,
    "a": 0.09076476449434948,
    "m": 0.03454330833514409,
    "i": 0.0758343659523488,
    "v": 0.01813102809702508,
    "p": 0.09800973696110502,
    "r": 0.038771662976644215,
    "u": 0.03224120414143846,
    "f": 0.021756450687792778,
    "q": 0.02217928615194279,
    "b": 0.007485753772729854,
    "g": 0.018373766974592677,
    "l": 0.059136280261609865,
    "c": 0.1074315290395958,
    "h": 0.007503371917069437,
    "o": 0.02174274768663977,
    "z": 0.0005265867585942287,
    "d": 0.13255891801102895
  },
  "frequencyOfLetters": {
    "e": 0.1220017035289015,
    "s": 0.05155885735156899,
    "n": 0.07486253349274788,
    "t": 0.0674713011023002,
    "a": 0.09802638900382081,
    "m": 0.02850343416588434,
    "i": 0.11656581984825182,
    "v": 0.01425064702709952,
    "p": 0.03206493669549635,
    "r": 0.06807873613564314,
    "u": 0.031023058990038495,
    "f": 0.00917358873901766,
    "q": 0.0047157360985478625,
    "b": 0.00902520766217053,
    "g": 0.015549694820073677,
    "l": 0.06178359761334745,
    "c": 0.04095745743317858,
    "h": 0.009616591857873755,
    "o": 0.09590411158256978,
    "z": 0.012055605808548461,
    "d": 0.036810991042919225
  },
  "mostFrequentTriGrams": {
    "ion": 0.014692824187614539,
    "ent": 0.012347697509486479,
    "one": 0.011320465964559961,
    "del": 0.010124781658246781,
    "ell": 0.00952969200119128,
    "zio": 0.009340870768656556,
    "che": 0.0091757210025912,
    "con": 0.008543747897781102,
    "nte": 0.008016920144032616,
    "men": 0.007597439738226611,
    "per": 0.006811326851755515,
    "lla": 0.006499193793891991,
    "azi": 0.006332943029386199,
    "are": 0.005885937662569301,
    "com": 0.005587567085211223,
    "nto": 0.005157076695000862,
    "pro": 0.005102026772979076,
    "pre": 0.004659425399923921,
    "sta": 0.004651718410840871,
    "est": 0.004585658504414728,
    "ere": 0.004490972638537257,
    "ssi": 0.0044309682235335116,
    "ato": 0.004399039268760876,
    "ame": 0.004385827287475648,
    "ess": 0.004107825181265631
  },
  "vowelsPercentage": 0.5364789170464176,
  "numberOfWordsEndingWithLetter": {
    "e": 0.26240659936535526,
    "s": 0.00295201796267694,
    "n": 0.051472387473890886,
    "t": 0.012454070476492501,
    "a": 0.18174094672077395,
    "m": 0.0008906950749456284,
    "i": 0.19488603996969678,
    "v": 0.00016639358542940312,
    "p": 0.00045219903804931904,
    "r": 0.02462820821514495,
    "u": 0.003136029692445927,
    "f": 0.00013703001153009668,
    "q": 0.00006655743417176125,
    "b": 0.0002936357389930643,
    "g": 0.0008613315010463221,
    "l": 0.06780049213349855,
    "c": 0.0010081493705428543,
    "h": 0.0033572352824873686,
    "o": 0.18380422718009853,
    "z": 0.0003406174572319546,
    "d": 0.006289677529231438
  },
  "mostFrequentBiGrams": {
    "on": 0.02627515433720581,
    "re": 0.02221356859191529,
    "er": 0.01815198284662477,
    "co": 0.017446852489083998,
    "en": 0.017334781677774178,
    "io": 0.01679143447585964,
    "nt": 0.016659740370740708,
    "de": 0.016470484603781713,
    "di": 0.016046185384309127,
    "to": 0.01570692043800936,
    "ne": 0.015365475125730804,
    "ri": 0.015095981890752326,
    "la": 0.014827360802165365,
    "ti": 0.014623714619746354,
    "te": 0.014382130069296391,
    "ta": 0.01423691769510896,
    "in": 0.014232556963151378,
    "si": 0.013944748653951063,
    "al": 0.013004138770700939,
    "el": 0.012826220906831654,
    "ar": 0.012608620382148385,
    "es": 0.01243462717704092,
    "no": 0.0123766294420051,
    "ll": 0.012359622587370535,
    "at": 0.012270227582240134
  },
  "mostFrequentBiGramsEndOfWord": {
    "co": 2703,
    "si": 8296,
    "re": 24116,
    "el": 7723,
    "la": 23835,
    "di": 22161,
    "ri": 6233,
    "to": 30364,
    "at": 33,
    "on": 8342,
    "ll": 7085,
    "en": 425,
    "es": 300,
    "nt": 184,
    "in": 10001,
    "ta": 10421,
    "ar": 859,
    "al": 3890,
    "de": 1709,
    "te": 15518,
    "io": 8688,
    "ne": 24098,
    "no": 13227,
    "ti": 15048,
    "er": 9131
  },
  "mostFrequentBiGramsStartOfWord": {
    "co": 28693,
    "si": 10212,
    "re": 6630,
    "el": 1048,
    "la": 12989,
    "di": 28414,
    "ri": 10135,
    "to": 431,
    "at": 2188,
    "on": 1844,
    "ll": 1,
    "en": 822,
    "es": 5531,
    "nt": 0,
    "in": 20240,
    "ta": 2340,
    "ar": 1265,
    "al": 11195,
    "de": 28020,
    "te": 3067,
    "io": 251,
    "ne": 7655,
    "no": 8867,
    "ti": 438,
    "er": 524
  }
}