{
  "name": "portuguese-analyse",
  "consonantsPercentage": 0.46547364878760117,
  "mostFrequentSkipGrams": {
    "e_t": 0.0304357078067436,
    "i_a": 0.019457716097448473,
    "n_e": 0.017852239049053534,
    "a_e": 0.016762702051753304,
    "d_s": 0.015119777741585362,
    "n_o": 0.014996736738616925,
    "q_e": 0.013910766147199837,
    "e_a": 0.01358325120693119,
    "a_a": 0.01343049015493656,
    "a_o": 0.013290211523532929,
    "e_e": 0.013254547464701498,
    "p_r": 0.013192729762727017,
    "m_n": 0.013010248661706192,
    "i_o": 0.011709699316319992,
    "r_a": 0.011599735134923078,
    "s_a": 0.011073690267159465,
    "r_s": 0.010480478088596656,
    "u_a": 0.010343765863076167,
    "t_r": 0.010246284102270254,
    "c_m": 0.010226074468932443,
    "c_n": 0.010055481387522098,
    "m_s": 0.009800483366877362,
    "e_i": 0.009761252902162787,
    "s_o": 0.009505066079557005,
    "e_o": 0.00933328419618561
  },
  "mostFrequentSkipGramsMatchingBiGramFrequency": [{
    "e_t": 0.0304357078067436,
    "i_a": 0.019457716097448473,
    "n_e": 0.017852239049053534,
    "a_e": 0.016762702051753304,
    "d_s": 0.015119777741585362,
    "n_o": 0.014996736738616925,
    "q_e": 0.013910766147199837,
    "e_a": 0.01358325120693119,
    "a_a": 0.01343049015493656,
    "a_o": 0.013290211523532929,
    "e_e": 0.013254547464701498,
    "p_r": 0.013192729762727017,
    "m_n": 0.013010248661706192,
    "i_o": 0.011709699316319992,
    "r_a": 0.011599735134923078,
    "s_a": 0.011073690267159465,
    "r_s": 0.010480478088596656,
    "u_a": 0.010343765863076167,
    "t_r": 0.010246284102270254,
    "c_m": 0.010226074468932443,
    "c_n": 0.010055481387522098,
    "m_s": 0.009800483366877362,
    "e_i": 0.009761252902162787,
    "s_o": 0.009505066079557005,
    "e_o": 0.00933328419618561
  }, {
    "et": 0.001510186437605455,
    "ia": 0.010239891419036065,
    "ne": 0.0029153245111300137,
    "ae": 0.0012629044478221058,
    "ds": 0.00010737244293224381,
    "no": 0.009904759248671789,
    "qe": 4.648157702694537E-7,
    "ea": 0.001175983898781718,
    "aa": 0.0001533892041889197,
    "ao": 0.005924541807854457,
    "ee": 0.00019568743928344,
    "pr": 0.010018639112387805,
    "mn": 0.0002974820929724504,
    "io": 0.007561158134973204,
    "ra": 0.016027312574661032,
    "sa": 0.004233542035614184,
    "rs": 0.000992846485295553,
    "ua": 0.004120591803438707,
    "tr": 0.007978562696675172,
    "cm": 0.00006275012898637625,
    "cn": 0.00015803736189161426,
    "ms": 0.00013061323144571648,
    "ei": 0.005361649910058148,
    "so": 0.008485211886268877,
    "eo": 0.0004597027967964897
  }],
  "language": "Portuguese",
  "numberOfWordsStartingWithLetter": {
    "e": 0.09985651921726654,
    "n": 0.05274445156760387,
    "t": 0.03609915437921666,
    "a": 0.11466060689318314,
    "m": 0.03894205818603657,
    "i": 0.026986598284336173,
    "v": 0.014544601153951828,
    "p": 0.10023239307628903,
    "r": 0.03309597948530085,
    "w": 0.0003052782611350246,
    "k": 0.0007536557071770919,
    "s": 0.06468464755624752,
    "x": 0.0003796898372866868,
    "j": 0.005334737613334554,
    "y": 0.00001717190218884513,
    "u": 0.027665842415361602,
    "f": 0.025370531489452636,
    "q": 0.04665796623622432,
    "b": 0.007219830875843331,
    "g": 0.010803034465915682,
    "l": 0.012485880880422505,
    "c": 0.07909187349268859,
    "h": 0.007147327288823763,
    "o": 0.05094712580517141,
    "z": 0.0006449003266477395,
    "d": 0.14132093903593126
  },
  "frequencyOfLetters": {
    "e": 0.1303969040363439,
    "n": 0.05502215408775636,
    "t": 0.054765278842378806,
    "a": 0.1183480715661164,
    "m": 0.04609209370150872,
    "i": 0.0663164388939782,
    "v": 0.013159341172951448,
    "p": 0.03246761016283722,
    "r": 0.07165921965263886,
    "w": 0.00010394660584419226,
    "k": 0.0002991269232926396,
    "s": 0.08902652881900952,
    "x": 0.002407597823851633,
    "j": 0.0028547925741741293,
    "y": 0.00009572061545364467,
    "u": 0.03987586232683355,
    "f": 0.009345472900970294,
    "q": 0.011016096767559685,
    "b": 0.009081119482510423,
    "g": 0.01081456000299127,
    "l": 0.025482996503954084,
    "c": 0.03793116341677728,
    "h": 0.006747555572173718,
    "o": 0.11053637196432911,
    "z": 0.0033674213389668904,
    "d": 0.052786554244797994
  },
  "mostFrequentTriGrams": {
    "ent": 0.01580393327016832,
    "que": 0.013910766147199837,
    "nte": 0.011894558021262911,
    "men": 0.009324368181477753,
    "com": 0.008914231504916291,
    "est": 0.008762064853902183,
    "con": 0.008627135831323266,
    "res": 0.007126273355500527,
    "par": 0.0064201249906381845,
    "dos": 0.006352957679838988,
    "ado": 0.006307188804338651,
    "sta": 0.0062863847700203165,
    "nto": 0.005871492885614664,
    "pre": 0.005203980584486372,
    "ame": 0.005062513151121694,
    "pro": 0.00485387840695782,
    "ida": 0.004818214348126388,
    "sen": 0.004803948724593816,
    "cia": 0.004714788577515237,
    "sso": 0.004661886890248614,
    "ica": 0.004531713075513889,
    "ara": 0.004516853051000793,
    "por": 0.004235701387213009,
    "ade": 0.004217274956816769,
    "ter": 0.004137030824446048
  },
  "vowelsPercentage": 0.5345263512123988,
  "numberOfWordsEndingWithLetter": {
    "e": 0.19399861098391183,
    "n": 0.0022132673932289283,
    "t": 0.003213053698446134,
    "a": 0.19994390511951643,
    "m": 0.06138955032512135,
    "i": 0.006618814299233751,
    "v": 0.0002251427175870806,
    "p": 0.00043883750038159784,
    "r": 0.06415041059926123,
    "w": 0.000040067771773971975,
    "k": 0.0003148182067954941,
    "s": 0.19042113136123576,
    "x": 0.00009730744573678908,
    "j": 0.0019728607625850965,
    "y": 0.0002156027719266111,
    "u": 0.012535488597856947,
    "f": 0.000158363097963794,
    "q": 0.0000019079891320939035,
    "b": 0.0004998931526086028,
    "g": 0.0008356992398571298,
    "l": 0.01895968800561712,
    "c": 0.0005991085874774857,
    "h": 0.0022628751106633697,
    "o": 0.23256097933266173,
    "z": 0.003661431144488201,
    "d": 0.0006639802179686785
  },
  "mostFrequentBiGrams": {
    "de": 0.026226765021683654,
    "es": 0.02521857961596921,
    "os": 0.02383156935748516,
    "en": 0.020528588493950423,
    "nt": 0.019962442885762228,
    "re": 0.01865909946592668,
    "co": 0.018281669060467885,
    "te": 0.017769906897401214,
    "as": 0.016765904833619196,
    "do": 0.01609796457174199,
    "ra": 0.016027312574661032,
    "er": 0.015912038263634208,
    "da": 0.015235266502121885,
    "se": 0.015045621667851948,
    "ta": 0.014909430647162996,
    "ar": 0.014487842743528602,
    "qu": 0.01369021888174622,
    "or": 0.013077126880760811,
    "to": 0.01301763046216632,
    "st": 0.01248123306327537,
    "me": 0.011900678166208822,
    "ue": 0.011556714496209427,
    "em": 0.011438186474790717,
    "ad": 0.011278289849818025,
    "is": 0.01074561097708923
  },
  "mostFrequentBiGramsEndOfWord": {
    "se": 8518,
    "st": 835,
    "is": 7783,
    "co": 3163,
    "do": 20914,
    "re": 3841,
    "os": 41898,
    "as": 28556,
    "de": 31634,
    "to": 17580,
    "em": 13348,
    "es": 16649,
    "qu": 22,
    "er": 9977,
    "nt": 22,
    "ta": 7315,
    "ar": 11411,
    "ue": 19756,
    "or": 8989,
    "ra": 11312,
    "da": 16339,
    "me": 1687,
    "en": 273,
    "te": 17800,
    "ad": 27
  },
  "mostFrequentBiGramsStartOfWord": {
    "se": 18808,
    "st": 69,
    "is": 1542,
    "co": 30406,
    "do": 13568,
    "re": 15401,
    "os": 5688,
    "as": 7084,
    "de": 38619,
    "to": 3402,
    "em": 7990,
    "es": 13248,
    "qu": 24447,
    "er": 392,
    "nt": 26,
    "ta": 3345,
    "ar": 794,
    "ue": 375,
    "or": 1682,
    "ra": 785,
    "da": 13687,
    "me": 5662,
    "en": 3877,
    "te": 6106,
    "ad": 1251
  }
}