{
  "name": "spanish-analysis",
  "consonantsPercentage": 0.44826001521877074,
  "mostFrequentSkipGrams": {
    "e_t": 0.029072744271948316,
    "c_n": 0.019105119360036064,
    "i_a": 0.018082907613750598,
    "n_e": 0.0165814015631902,
    "a_i": 0.016248137508384622,
    "l_s": 0.01578096189701171,
    "p_r": 0.01481510207272064,
    "e_e": 0.014393977494375411,
    "q_e": 0.01413281966233686,
    "a_e": 0.013449931317307979,
    "e_a": 0.013386914114217469,
    "a_o": 0.013368130140219337,
    "a_a": 0.012872475600526678,
    "e_i": 0.012719174135316112,
    "i_i": 0.01233016409316124,
    "o_e": 0.0113249185169386,
    "r_s": 0.010832899585116549,
    "e_o": 0.010647483583715627,
    "m_n": 0.010450554824057786,
    "i_n": 0.010194244469180044,
    "r_a": 0.009933086637141491,
    "d_s": 0.009733734138903246,
    "n_o": 0.00933139353455615,
    "u_a": 0.00927988908972256,
    "n_i": 0.009102350238707953
  },
  "mostFrequentSkipGramsMatchingBiGramFrequency": [{
    "e_t": 0.029072744271948316,
    "c_n": 0.019105119360036064,
    "i_a": 0.018082907613750598,
    "n_e": 0.0165814015631902,
    "a_i": 0.016248137508384622,
    "l_s": 0.01578096189701171,
    "p_r": 0.01481510207272064,
    "e_e": 0.014393977494375411,
    "q_e": 0.01413281966233686,
    "a_e": 0.013449931317307979,
    "e_a": 0.013386914114217469,
    "a_o": 0.013368130140219337,
    "a_a": 0.012872475600526678,
    "e_i": 0.012719174135316112,
    "i_i": 0.01233016409316124,
    "o_e": 0.0113249185169386,
    "r_s": 0.010832899585116549,
    "e_o": 0.010647483583715627,
    "m_n": 0.010450554824057786,
    "i_n": 0.010194244469180044,
    "r_a": 0.009933086637141491,
    "d_s": 0.009733734138903246,
    "n_o": 0.00933139353455615,
    "u_a": 0.00927988908972256,
    "n_i": 0.009102350238707953
  }, {
    "et": 0.0020682242909060163,
    "cn": 0.000153014594283871,
    "ia": 0.007034535807482827,
    "ne": 0.006340685845414824,
    "ai": 0.00011165929853147345,
    "ls": 0.00019345088346399308,
    "pr": 0.008722750880752923,
    "ee": 0.00018747734074420233,
    "qe": 0.0,
    "ae": 0.00012176837082650396,
    "ea": 0.0026968247863424595,
    "ao": 0.000044571818755361826,
    "aa": 0.00002343466759302529,
    "ei": 0.00016679969286800356,
    "ii": 0.00005008585818901484,
    "oe": 0.00006019493048404536,
    "rs": 0.0013863214142775943,
    "eo": 0.001366562772973671,
    "mn": 0.00026007885995396694,
    "in": 0.018922804826438717,
    "ra": 0.01570490331361605,
    "ds": 0.00003400324317419356,
    "no": 0.0067845660198238905,
    "ua": 0.0022446735527829127,
    "ni": 0.004812837419006802
  }],
  "language": "Spanish",
  "numberOfWordsStartingWithLetter": {
    "e": 0.12870213827538057,
    "n": 0.02760518182699245,
    "t": 0.03079985211189243,
    "a": 0.07532781265591965,
    "m": 0.038034523976179964,
    "i": 0.02362799679815068,
    "v": 0.01144158599226818,
    "ñ": 0.0,
    "p": 0.092297255096217,
    "r": 0.02647986819292937,
    "w": 0.0002674190294663465,
    "k": 0.0007358510206792084,
    "s": 0.06760855597313606,
    "x": 0.00038407833762280633,
    "j": 0.002878792773584025,
    "y": 0.027946185958526718,
    "u": 0.027244435351000938,
    "f": 0.015612604948508376,
    "q": 0.04222169575970336,
    "b": 0.0068039298034021445,
    "g": 0.008889439281522242,
    "l": 0.09950500558169921,
    "c": 0.07816712074058918,
    "h": 0.022867019157253157,
    "o": 0.021048928708599406,
    "z": 0.0005922703337174117,
    "d": 0.12128081151804271
  },
  "frequencyOfLetters": {
    "e": 0.13959660394190274,
    "n": 0.07378363993104428,
    "t": 0.0479573932868636,
    "a": 0.11316211790054026,
    "m": 0.03048283979485711,
    "i": 0.06723766890515813,
    "v": 0.00784026062601533,
    "ñ": 0.0017812464268218595,
    "p": 0.0310450502646846,
    "r": 0.06736589234564509,
    "w": 0.00009717217997018349,
    "k": 0.00036019462199474026,
    "s": 0.07906235421889823,
    "x": 0.0016577720026492205,
    "j": 0.0030587318153772417,
    "y": 0.008185112272225304,
    "u": 0.04025668067870019,
    "f": 0.007318234140386037,
    "q": 0.009900603088541026,
    "b": 0.012305797197276695,
    "g": 0.009920695080640123,
    "l": 0.05228228591343128,
    "c": 0.047401393069139465,
    "h": 0.007187453537268271,
    "o": 0.08800694379246944,
    "z": 0.00276831120230846,
    "d": 0.0499775517651911
  },
  "mostFrequentTriGrams": {
    "que": 0.01413281966233686,
    "ent": 0.013764411398115422,
    "est": 0.010917124500785594,
    "nte": 0.01086804379453241,
    "con": 0.009980349539459372,
    "aci": 0.007666891064463569,
    "cin": 0.007640835874724224,
    "los": 0.007145181335031566,
    "res": 0.0069415872942776135,
    "men": 0.0067222389527510345,
    "com": 0.006513797434836274,
    "ado": 0.006395034244396468,
    "par": 0.006196287680803324,
    "sta": 0.005908468724380326,
    "cia": 0.005395848014624839,
    "por": 0.0053170765107617025,
    "las": 0.005237699072253465,
    "pre": 0.004894134128481171,
    "nto": 0.004860201788355512,
    "nci": 0.004849900899388793,
    "pro": 0.004822633840359246,
    "ion": 0.004692963826307622,
    "ien": 0.004663878963342772,
    "tra": 0.004657819616891761,
    "ida": 0.004513607171357712
  },
  "vowelsPercentage": 0.5517399847812292,
  "numberOfWordsEndingWithLetter": {
    "e": 0.1949646253082498,
    "n": 0.11643496333308206,
    "t": 0.0027621334654275654,
    "a": 0.1915689420616033,
    "m": 0.0008543050874226908,
    "i": 0.0061578167120740586,
    "v": 0.0001830653758762909,
    "ñ": 0.0,
    "p": 0.0003481831658823572,
    "r": 0.05731023120080118,
    "w": 0.00003230565456640427,
    "k": 0.000355362200230447,
    "s": 0.1795207276669215,
    "x": 0.00010409599804730265,
    "j": 0.00004127944750151657,
    "y": 0.03045705322177114,
    "u": 0.0063462663637114175,
    "f": 0.0001238383425045497,
    "q": 0.000007179034348089839,
    "b": 0.0003535674416434245,
    "g": 0.0007143139176349389,
    "l": 0.05876039613911533,
    "c": 0.0005815017821952769,
    "h": 0.00036972026892662666,
    "o": 0.13675522005535035,
    "z": 0.0024480507126986347,
    "d": 0.010815215245397341
  },
  "mostFrequentBiGrams": {
    "de": 0.03248458481350829,
    "es": 0.029371450049925033,
    "en": 0.02906358284821274,
    "la": 0.021806187946953104,
    "os": 0.02167614851697612,
    "in": 0.018922804826438717,
    "ci": 0.017584731257205586,
    "nt": 0.01743677119906923,
    "re": 0.017386685340880215,
    "ue": 0.01665423710277664,
    "er": 0.016224601530237845,
    "co": 0.01621127593493985,
    "ar": 0.016118456271140023,
    "ra": 0.01570490331361605,
    "as": 0.015284457806800005,
    "te": 0.015191178639714042,
    "ta": 0.014602554930171582,
    "on": 0.01445413536874909,
    "st": 0.012801761551797738,
    "el": 0.012668046095531653,
    "qu": 0.012451620047760771,
    "or": 0.012068394307121887,
    "se": 0.011329053519726247,
    "ro": 0.011026700357447607,
    "ad": 0.010771216530355017
  },
  "mostFrequentBiGramsEndOfWord": {
    "se": 12134,
    "st": 922,
    "co": 2838,
    "re": 5181,
    "el": 22004,
    "as": 26478,
    "de": 41133,
    "en": 22107,
    "qu": 893,
    "ro": 5641,
    "er": 6191,
    "nt": 71,
    "in": 23343,
    "ta": 7593,
    "ar": 11370,
    "os": 42596,
    "la": 27498,
    "ue": 22667,
    "or": 9794,
    "ra": 13513,
    "on": 5956,
    "es": 25373,
    "ci": 68,
    "te": 15938,
    "ad": 5014
  },
  "mostFrequentBiGramsStartOfWord": {
    "se": 15899,
    "st": 430,
    "co": 28542,
    "re": 12739,
    "el": 16415,
    "as": 2870,
    "de": 58508,
    "en": 21114,
    "qu": 23525,
    "ro": 200,
    "er": 368,
    "nt": 14,
    "in": 9455,
    "ta": 3856,
    "ar": 986,
    "os": 690,
    "la": 35369,
    "ue": 382,
    "or": 3946,
    "ra": 757,
    "on": 66,
    "es": 21060,
    "ci": 1864,
    "te": 3393,
    "ad": 1951
  }
}