{
  "name": "test123",
  "consonantsPercentage": 0.41344453426301486,
  "mostFrequentSkipGrams": {
    "e_e": 0.03064336544512756,
    "n_e": 0.027455474041377124,
    "v_n": 0.01550266913703037,
    "r_e": 0.013850136647493476,
    "e_d": 0.013804477460865126,
    "t_e": 0.013353936812086591,
    "e_i": 0.013237863458127776,
    "e_t": 0.012598084734648612,
    "s_e": 0.011973158999590717,
    "e_r": 0.011514366690578145,
    "o_r": 0.011498963591474605,
    "e_n": 0.011242612013537124,
    "i_g": 0.011121587663437883,
    "o_e": 0.010710654983782738,
    "v_r": 0.010583579416178535,
    "o_d": 0.01048951048951049,
    "h_t": 0.010196851606543237,
    "e_s": 0.010063724821434073,
    "g_n": 0.00971715509160443,
    "a_e": 0.00958952941331796,
    "d_n": 0.009425046319319447,
    "t_n": 0.00916594418797062,
    "d_t": 0.009060322936974919,
    "m_n": 0.008950300800521066,
    "l_n": 0.008402390560980869
  },
  "mostFrequentSkipGramsMatchingBiGramFrequency": [{
    "e_e": 0.03064336544512756,
    "n_e": 0.027455474041377124,
    "v_n": 0.01550266913703037,
    "r_e": 0.013850136647493476,
    "e_d": 0.013804477460865126,
    "t_e": 0.013353936812086591,
    "e_i": 0.013237863458127776,
    "e_t": 0.012598084734648612,
    "s_e": 0.011973158999590717,
    "e_r": 0.011514366690578145,
    "o_r": 0.011498963591474605,
    "e_n": 0.011242612013537124,
    "i_g": 0.011121587663437883,
    "o_e": 0.010710654983782738,
    "v_r": 0.010583579416178535,
    "o_d": 0.01048951048951049,
    "h_t": 0.010196851606543237,
    "e_s": 0.010063724821434073,
    "g_n": 0.00971715509160443,
    "a_e": 0.00958952941331796,
    "d_n": 0.009425046319319447,
    "t_n": 0.00916594418797062,
    "d_t": 0.009060322936974919,
    "m_n": 0.008950300800521066,
    "l_n": 0.008402390560980869
  }, {
    "ee": 0.015314448339471425,
    "ne": 0.004888703388529302,
    "vn": 0.000028545910257713343,
    "re": 0.011276932093172121,
    "ed": 0.005053491143198829,
    "te": 0.02075503932631652,
    "ei": 0.0052801283700934015,
    "et": 0.017185070488935215,
    "se": 0.0043359507626299434,
    "er": 0.030218873604332057,
    "or": 0.012819708788463993,
    "en": 0.05522206339354646,
    "ig": 0.003931982881104122,
    "oe": 0.007395985839498457,
    "vr": 0.0015786753400099046,
    "od": 0.0011366462448071312,
    "ht": 0.0036594991922804937,
    "es": 0.006811659706798901,
    "gn": 0.00008434018939778943,
    "ae": 0.00002984345163306395,
    "dn": 0.000030275965424847485,
    "tn": 0.00017041043396271298,
    "dt": 0.0011288609965550277,
    "mn": 0.000013840441337073135,
    "ln": 0.00008174510664708821
  }],
  "language": "Dutch",
  "numberOfWordsStartingWithLetter": {
    "e": 0.07786309759672536,
    "n": 0.028964710679895513,
    "t": 0.03888057490853553,
    "a": 0.04144081065796712,
    "m": 0.05338985985065612,
    "i": 0.059710622189222774,
    "v": 0.10353470263948572,
    "p": 0.02098585426468721,
    "r": 0.01757925958982369,
    "w": 0.05096042502606401,
    "k": 0.018264040902218615,
    "s": 0.027731719608982176,
    "x": 0.00006155337639504957,
    "j": 0.003912486487110338,
    "y": 0.00003847086024690598,
    "u": 0.015684569722663567,
    "f": 0.005762934864986516,
    "q": 0.0001962013872592205,
    "b": 0.04474545755317635,
    "g": 0.03934414877451075,
    "l": 0.014170741371947819,
    "c": 0.017846632068539686,
    "h": 0.06808188137894952,
    "o": 0.0619496262555927,
    "z": 0.03674928925085694,
    "d": 0.15198490403443912
  },
  "frequencyOfLetters": {
    "e": 0.19165316420536085,
    "n": 0.10013211639062294,
    "t": 0.06756026252345868,
    "a": 0.07015059844095536,
    "m": 0.02644108356806843,
    "i": 0.07257926093165203,
    "v": 0.0277579741678626,
    "p": 0.015004291111878723,
    "r": 0.06302058665375178,
    "w": 0.014713706274282173,
    "k": 0.021494731369274215,
    "s": 0.03881123737148921,
    "x": 0.0002531934062881704,
    "j": 0.013379010231007824,
    "y": 0.00044656052248293347,
    "u": 0.01913835897910709,
    "f": 0.006645703724542667,
    "q": 0.0001217892334044364,
    "b": 0.01483157831012097,
    "g": 0.03210606346572274,
    "l": 0.036116561555198656,
    "c": 0.014716911254108607,
    "h": 0.02315989644354072,
    "o": 0.05992315170593954,
    "z": 0.012403271928293918,
    "d": 0.05743893623158472
  },
  "mostFrequentTriGrams": {
    "van": 0.012502365475933757,
    "ing": 0.010260114335004202,
    "het": 0.010122036553754616,
    "ver": 0.009618135168795961,
    "oor": 0.00959723096286973,
    "een": 0.008547619781099957,
    "gen": 0.007965602679259066,
    "nde": 0.007715302318826548,
    "ten": 0.007195997834764355,
    "aar": 0.007062871049655191,
    "den": 0.007046367729187112,
    "voo": 0.006984755332772954,
    "men": 0.0065232124703490345,
    "dat": 0.0061881950648470475,
    "ste": 0.006112829901376157,
    "ijk": 0.005389984464874333,
    "aan": 0.005355877602573638,
    "der": 0.005315169412085712,
    "ter": 0.005232652809745321,
    "lij": 0.005137483661712737,
    "tie": 0.004742504191843399,
    "and": 0.004737003085020706,
    "cht": 0.004646234822446276,
    "eli": 0.004599475414453388,
    "ijn": 0.00456041755601227
  },
  "vowelsPercentage": 0.5865554657369851,
  "numberOfWordsEndingWithLetter": {
    "e": 0.21320166040232827,
    "n": 0.2804217945117471,
    "t": 0.1508807903453529,
    "a": 0.007980779958220646,
    "m": 0.011824018896886553,
    "i": 0.002854537830320424,
    "v": 0.00005770629037035897,
    "p": 0.01681368947091026,
    "r": 0.07230790537707214,
    "w": 0.0037393676159992615,
    "k": 0.03547013314764731,
    "s": 0.05662718274043326,
    "x": 0.00010002423664195555,
    "j": 0.016075048954169665,
    "y": 0.000263525392691306,
    "u": 0.008982945867652546,
    "f": 0.006751635973332,
    "q": 0.000005770629037035897,
    "b": 0.0014945929205922974,
    "g": 0.04112919668996719,
    "l": 0.02634676864009356,
    "c": 0.0003654731723456068,
    "h": 0.0042241004551102765,
    "o": 0.0035277778846412784,
    "z": 0.0002365957905184718,
    "d": 0.03815155210685666
  },
  "mostFrequentBiGrams": {
    "en": 0.05522206339354646,
    "de": 0.036027966341776727,
    "er": 0.030218873604332057,
    "an": 0.0227467653374797,
    "te": 0.02075503932631652,
    "ge": 0.01865604989479102,
    "in": 0.018536676088258763,
    "et": 0.017185070488935215,
    "he": 0.015900072013546332,
    "ie": 0.015648781500520098,
    "ee": 0.015326991239433147,
    "el": 0.01500174086801193,
    "aa": 0.014831330434049215,
    "ij": 0.014773806099742005,
    "or": 0.012819708788463993,
    "at": 0.01148107860289395,
    "st": 0.011355217089484941,
    "va": 0.01127909466213104,
    "re": 0.011276932093172121,
    "nd": 0.010841390704846101,
    "oo": 0.010808087142878769,
    "me": 0.010769593415410034,
    "ve": 0.010658004857129881,
    "ng": 0.01061734856070223,
    "le": 0.010441747961238115
  },
  "mostFrequentBiGramsEndOfWord": {
    "le": 5278,
    "st": 3273,
    "in": 11769,
    "ng": 13119,
    "re": 3042,
    "el": 6155,
    "va": 5,
    "at": 14974,
    "aa": 8,
    "oo": 1,
    "ee": 1160,
    "er": 20772,
    "ij": 8356,
    "nd": 3975,
    "or": 8716,
    "ge": 2629,
    "et": 30366,
    "de": 48795,
    "me": 1260,
    "ve": 660,
    "en": 95181,
    "he": 1861,
    "te": 11424,
    "ie": 15318,
    "an": 30282
  },
  "mostFrequentBiGramsStartOfWord": {
    "le": 1641,
    "st": 6397,
    "in": 16392,
    "ng": 30,
    "re": 5131,
    "el": 693,
    "va": 22855,
    "at": 36,
    "aa": 6987,
    "oo": 4083,
    "ee": 12402,
    "er": 4240,
    "ij": 34,
    "nd": 1,
    "or": 627,
    "ge": 15039,
    "et": 96,
    "de": 47651,
    "me": 9917,
    "ve": 11876,
    "en": 14217,
    "he": 26924,
    "te": 10828,
    "ie": 697,
    "an": 1729
  }
}